ID,Text,Image
1,"The global economic crisis that emerged around 2008 was triggered by a combination of factors that led to a severe downturn in economic activity worldwide. The excerpts provided from the document outline several key mechanisms through which the crisis evolved and spread globally.

1. **Trade and Financial Channels**: According to the document (Text 1, Page 2), the crisis propagated through two primary channels: trade and finance. The U.S., being a significant consumer market, reduced its spending during the crisis. This reduction in consumption led to a decrease in U.S. imports of foreign goods, adversely affecting the output of exporting countries. Concurrently, the financial channel played a role as U.S. banks, facing liquidity constraints, impacted financial flows globally.

2. **Global Impact and Response**: The crisis, initially concentrated in the U.S., quickly spread to other parts of the world, defying initial hopes of containment within the U.S. (Text 2, Page 2). This widespread impact was evidenced by negative output growth rates in the U.S. in 2008 and 2009, which in turn affected global economic conditions. The response to the crisis included significant policy measures such as cutting interest rates to zero, tax cuts, and increased government spending.

3. **Economic Indicators**: The severity of the crisis is reflected in various economic indicators. For instance, the U.S. experienced no growth in 2008 and a sharp decline in output by 3.5% in 2009. Unemployment rates soared to nearly 10%, and inflation rates were low, turning slightly negative in 2009 (Text 3, Page 5).

4. **Stock Market Collapse**: The financial dimensions of the crisis were starkly highlighted by the collapse in stock prices, which is detailed in the document (Text 5, Page 2). This collapse was not limited to the United States but also severely affected stock markets in the Euro area and emerging economies, indicating the global reach of the financial turmoil.

5. **Pre-Crisis Economic Conditions**: Prior to the crisis, from 2000 to 2007, the world economy had been experiencing sustained expansion, with an annual average growth rate of 3.2%. Advanced economies grew at 2.6% per year, while emerging and developing economies also saw substantial growth (Text 4, Page 1). This period of growth was abruptly halted by the crisis, underscoring the dramatic shift in economic conditions triggered by the crisis.

In summary, the global economic crisis of 2008 was precipitated by a combination of reduced spending in the U.S., impacting global trade and financial systems, alongside a collapse in stock markets and a general downturn in economic indicators such as output growth and employment rates. The crisis, initially hoped to be contained within the U.S., expanded rapidly to affect global economic systems, demonstrating the interconnected nature of modern economies.",0
2,"The concern over rising unemployment rates is multifaceted and rooted in both economic and social implications, as detailed in the provided document excerpts.

1. **Economic Growth and Cycles**: According to Text 2, there is a clear inverse relationship between economic growth and unemployment rates. The document states that a 1% increase in economic growth typically results in a decrease in the unemployment rate by approximately 0.4%. This relationship underscores the impact of economic recessions and expansions on employment levels. During recessions, economic activity slows, leading to increased unemployment, while during expansions, economic activity picks up, reducing unemployment. The implication here is profound; maintaining economic growth is crucial for managing unemployment levels.

2. **Duration of Unemployment**: As highlighted in Text 1, an increase in unemployment often leads to longer durations of joblessness. The mean duration of unemployment rose significantly from 9 weeks during 2000-2007 to 33 weeks in 2010. Extended periods of unemployment can have severe repercussions for the individuals affected, including financial instability and loss of professional skills, which can further complicate their reintegration into the workforce.

3. **Welfare of the Unemployed**: Text 3 discusses the direct effect of unemployment on the welfare of individuals. Unemployment not only leads to a loss of income but also affects the overall well-being and quality of life of the unemployed and their families. While unemployment benefits provide some relief, they often do not fully replace lost income and can be insufficient to meet all financial obligations.

4. **Inflation and Economic Stability**: Text 4 and Text 5 touch upon the broader economic implications of fluctuating unemployment rates. High unemployment can indicate that an economy is operating below its potential, leading to deflationary pressures. Conversely, very low unemployment rates can signal an overheating economy, potentially leading to inflation. This delicate balance is crucial for economic stability, and managing unemployment rates is integral to maintaining this balance.

In conclusion, rising unemployment rates are a significant concern due to their adverse effects on economic growth, individual welfare, and overall economic stability. The document suggests that strategic economic policies aimed at fostering growth and managing economic cycles are essential for controlling unemployment levels effectively. This analysis underscores the importance of monitoring and addressing unemployment trends to mitigate their broader economic and social impacts.",0
3,"Economists measure economic growth without the distortion of price changes by using the concept of real GDP, as opposed to nominal GDP. Real GDP adjusts for price changes, thereby isolating the change in the volume of goods and services produced in an economy from one period to another.

1. **Construction of Real GDP**: According to the excerpts, real GDP is constructed by multiplying the quantities of final goods produced by constant prices (Text 3). This method eliminates the effect of price changes over time, focusing solely on the volume of production. The use of constant prices means selecting a base year and using the prices from that year to value the goods and services produced in different years. This approach ensures that the growth rate of GDP reflects changes in quantities, not prices.

2. **Use of Common Price Sets**: The document describes a method where real GDP for different years is calculated using a common set of prices from either the initial year (year t) or the subsequent year (year t + 1) (Text 2 and Text 4). For example, to calculate the growth of GDP from 2006 to 2007, real GDP for both years might be computed using the prices from 2006, and then again using the prices from 2007. This method helps in understanding how the choice of base year prices can affect the measurement of real GDP.

3. **Averaging Growth Rates**: To further refine the measurement and reduce bias introduced by the choice of base year prices, the rate of change of real GDP can be averaged between the two calculations using different sets of common prices (Text 4). This averaging process helps in balancing out any anomalies that might occur due to the particular price levels of the base years chosen.

4. **Chaining and Index Construction**: The document also mentions the technique of chaining the rates of change of real GDP to construct an index for the level of real GDP (Text 4). This chained index is set equal to 1 in an arbitrary base year and adjusted according to the computed growth rates in subsequent years. Chaining involves linking growth rates from year to year, which can provide a more accurate and continuous measure of economic growth over time.

5. **GDP Deflator**: The GDP deflator is also mentioned as a tool to separate changes in nominal GDP into components attributable to real economic activity and those due to price changes (Text 5). The GDP deflator reflects the average prices of all goods and services included in GDP and is used to deflate nominal GDP to arrive at real GDP.

In summary, economists measure economic growth without the influence of price changes by calculating real GDP using constant prices, employing methods like averaging growth rates calculated with different base year prices, and using indices such as the GDP deflator to adjust for price changes. These methodologies ensure that the measurement of economic growth reflects changes in economic output rather than price fluctuations.",0
4,"The global economic downturn during the 2009 recession was severe, marking the most significant decline since the Great Depression. According to the document, the impact on both advanced and emerging economies was profound, with various indicators reflecting substantial economic distress.

In advanced economies, the average growth rate plummeted to -3.7% in 2009, which was highlighted as the lowest annual growth rate since the Great Depression (Text 3). This stark contraction in GDP growth underscores the depth of the recession in these regions. Similarly, in the United States, output growth turned negative in the third quarter of 2008 and continued to decline throughout 2009 (Text 5). The U.S. economy experienced a significant contraction of 3.5% in 2009 (Text 4), accompanied by a dramatic rise in unemployment, which neared 10% (Text 4).

Emerging and developing economies, while not contracting to the same extent as advanced economies, also experienced a significant slowdown. Growth in these economies remained positive but was nearly 4 percentage points lower than their 2000â€“2007 average (Text 1). This reduction indicates that the recession, although less severe in these regions compared to advanced economies, still had a considerable negative impact.

The financial markets also reflected the economic turmoil. Stock prices, as indicated in Figure 1-1, showed significant volatility during this period across the United States, the Euro area, and emerging economies (Text 2). This volatility is a clear indicator of the uncertainty and negative investor sentiment prevalent during the recession.

The global spread of the crisis was facilitated through financial channels, notably the repatriation of funds by U.S. banks, which created additional problems for banks in other countries (Text 3). This interconnectedness meant that the crisis quickly escalated from a U.S. problem to a global one, affecting a wide range of countries through decreased demand, reduced output, and lower growth rates.

In summary, the 2009 recession was a significant global economic downturn, characterized by sharp declines in GDP growth, rising unemployment, stock market volatility, and a broad international impact. The severity of the recession necessitated strong monetary and fiscal responses, including interest rate cuts, increased government spending, and tax reductions, to stabilize and gradually recover the affected economies.",0
5,"The U.S. unemployment rate experienced a significant increase following the onset of the 2008 financial crisis. Prior to the crisis, in 2007, the unemployment rate was relatively low at 4.6%. However, as the crisis unfolded, unemployment surged, reaching 9.6% by 2010, as indicated in Text 3. This near doubling of the unemployment rate highlights the severe impact of the crisis on the labor market.

Further analysis in Text 4 shows that the unemployment rate approached 10% by 2010, marking the highest level since the 1980s. This is consistent with historical patterns where unemployment rates have tended to increase during recessions and decrease during economic expansions. The document notes that since 1960, U.S. unemployment rates have fluctuated between 3% and 10%, with peaks occurring during periods of economic downturn.

Text 5 provides additional context by noting that the economic output did not grow in 2008 and actually declined by 3.5% in 2009. This contraction in GDP coincided with a dramatic rise in unemployment to nearly 10%. Although the economy rebounded with a growth rate of 3% in 2010, the growth was not strong enough to significantly reduce the unemployment rate, which remained elevated.

In summary, the U.S. unemployment rate increased sharply following the 2008 financial crisis, peaking near 10% by 2010. This was a significant rise from the pre-crisis levels and was accompanied by a contraction in GDP, reflecting the profound impact of the crisis on the labor market and the broader economy. The data suggests that while GDP began to recover in 2010, the labor market recovery lagged, with high unemployment persisting despite economic growth.",0
6,"Based on the information provided in the document excerpts, China's economy experienced significant growth both before and during the crisis period. The data from Table 1-4, as referenced in Text 4, provides a detailed breakdown of the yearly output growth rates for various periods.

From 1980 to 1999, China's average annual output growth rate was 9.8%. This period of nearly two decades shows a robust expansion, reflecting China's rapid economic development and industrialization phase.

In the subsequent period from 2000 to 2007, the average annual growth rate slightly increased to 10.5%. This indicates a continuation of strong economic performance, even as China transitioned into the new millennium.

During the crisis years, specifically from 2008 to 2012, China's economy continued to grow, albeit at slightly varied rates. In 2008, the output growth rate was 9.6%, followed by 9.2% in 2009, 10.3% in 2010, 9.5% in 2011, and 9.0% in 2012. These figures suggest that despite the global economic slowdown, China managed to maintain high growth rates. This resilience during the crisis years can be attributed to significant government interventions, including fiscal expansions and increased public investment, as discussed in Text 3.

Overall, the data indicates that China's economy not only grew rapidly before the crisis but also demonstrated considerable resilience during the crisis, supported by proactive fiscal policies and sustained domestic demand.",0
7,"The 2008 financial crisis, often referred to as the Great Recession, had a significant impact on stock markets globally, not just in the United States. According to the document, stock prices in various regions, including the United States, the Euro area, and emerging economies, experienced substantial declines. Specifically, by the end of 2008, stock prices in these regions had lost half or more of their value from their previous peaks (Text 2).

The document explains that the crisis originated in the United States but quickly spread to other parts of the world through multiple channels. One channel was trade, where a reduction in U.S. consumer and firm spending led to decreased imports of foreign goods, adversely affecting the exporting countries' economies (Text 3). The second channel was financial, as U.S. banks, facing liquidity constraints, impacted financial markets globally (Text 3).

Furthermore, the document notes that despite initial hopes that the crisis might remain largely contained within the United States, it indeed became a global crisis, affecting economies and stock markets worldwide (Text 4). This global transmission of the crisis is illustrated in Figure 1-1, which shows the evolution of stock price indexes for the United States, the Euro area, and emerging economies from the beginning of 2007, highlighting the synchronized decline in stock prices across these regions by the end of 2008 (Text 5).

In summary, the 2008 crisis significantly impacted stock markets not only in the United States but also in the Euro area and emerging economies, demonstrating the interconnected nature of global financial markets and economies.",0
8,"The relationship between economic growth and unemployment in the U.S. is a topic that has been extensively studied, with Okun's law providing a foundational understanding of this dynamic. According to the text excerpts, Okun's law posits a negative relationship between the rate of output growth and changes in the unemployment rate. This is visually represented and supported by Figure 2-5, which plots changes in the unemployment rate against output growth for the period from 1960 to 2010. The figure suggests that higher output growth is generally associated with reductions in the unemployment rate, while lower output growth correlates with increases in unemployment.

Specifically, the slope of the line in Figure 2-5 is indicated to be -0.4, meaning that, on average, a 1% increase in output growth leads to a 0.4% decrease in the unemployment rate. This statistical relationship underscores the general trend that economic expansions (characterized by higher output growth) tend to reduce unemployment, while economic recessions (with lower or negative output growth) tend to increase unemployment.

However, it is important to note that while fast economic growth is typically associated with reductions in unemployment, this relationship is not absolute and can vary based on other economic factors and conditions. For instance, the efficiency of the labor market and the nature of economic growth (whether it is inclusive and labor-intensive) can influence the extent to which growth translates into employment opportunities.

Moreover, as indicated in the text, very low levels of unemployment can also pose problems, akin to an engine running at too high a speed. This suggests that an overly tight labor market might lead to inefficiencies and potential overheating of the economy, which could have adverse effects in the long run.

In conclusion, while fast economic growth in the U.S. generally leads to lower unemployment rates as per Okun's law, this relationship is not guaranteed in every situation. Economic growth usually reduces unemployment, but the specific outcomes can depend on various factors including the nature of the growth and the state of the labor market.",0
9,"Consumer prices, as measured by the Consumer Price Index (CPI), and overall economic prices, as indicated by the GDP deflator, do not always move in sync in the United States. The CPI and the GDP deflator are two distinct measures of inflation, each reflecting different aspects of the economy.

The GDP deflator measures the prices of all goods and services produced within the country, reflecting the average price level of all domestically produced goods and services in the economy. In contrast, the CPI measures the prices of a basket of consumer goods and services purchased by households, which includes imports. This distinction is crucial because it affects how each index responds to changes in domestic and foreign economic conditions.

As noted in the document, the CPI and the GDP deflator generally move together, with both inflation rates differing by less than 1% in most years (Text 2). This similarity suggests that, broadly speaking, changes in consumer prices often reflect changes in the prices of goods and services produced in the United States. However, there are notable exceptions to this trend.

A significant divergence between the CPI and the GDP deflator was observed in 1979 and 1980, when the CPI increased significantly more than the GDP deflator (Text 2). This divergence was primarily due to the sharp increase in the price of imported oil, which had a greater impact on the CPI than on the GDP deflator. Since the CPI includes imported goods while the GDP deflator does not, the CPI was more sensitive to this external price shock.

The document further supports these observations with a graphical representation of inflation rates from 1960 to 2010, using both the CPI and the GDP deflator (Text 3). This graph illustrates that while the two measures are largely similar, there are periods where the inflation rates computed using the CPI diverge from those computed using the GDP deflator.

In summary, while consumer prices and overall economic prices in the U.S. often move in tandem, they are not always perfectly synchronized. Differences in the composition of the CPI and the GDP deflator can lead to discrepancies between the two measures, particularly in response to changes in the prices of imported goods relative to domestically produced goods.",0
10,"Europe's struggle with job creation and high unemployment rates, even prior to the economic crisis, can be attributed to several factors based on the analysis of the provided document excerpts. The situation appears to have been exacerbated post-crisis, although expectations were that unemployment would eventually return to its pre-crisis levels.

**Pre-Crisis Analysis:**

1. **Labor Market Rigidities:**
   According to some economists, a significant issue in the European labor market is the high level of worker protection implemented by European states (Text 1). These protections, while intended to secure job stability, make it costly for firms to lay off workers, which paradoxically deters them from hiring new employees. This contributes to higher unemployment rates as firms are cautious in expanding their workforce under such regulatory conditions.

2. **Generous Unemployment Benefits:**
   European governments provide substantial unemployment insurance, which, while supportive for individuals who lose their jobs, may reduce the urgency and incentive for the unemployed to seek new employment (Text 2). This can lead to prolonged periods of unemployment and a less dynamic job market.

3. **Macroeconomic Policies:**
   Some politicians argue that the monetary policy pursued by the European Central Bank, characterized by relatively high interest rates, has suppressed demand and consequently increased unemployment (Text 3). They suggest that lowering interest rates could stimulate demand and reduce unemployment.

**Variations Across Europe:**
It is important to note that the unemployment situation was not uniformly dire across all European countries before the crisis. Countries like the Netherlands and Denmark had managed to maintain low unemployment rates, under 4%, indicating that different national policies or conditions may significantly influence employment outcomes (Text 4).

**Post-Crisis Situation:**

The document indicates that the rise in unemployment post-2007 was primarily due to the economic crisis (Text 5). Although the crisis exacerbated the unemployment issue, the pre-crisis unemployment rate in the Euro area was already relatively high at an average of 8.5% from 2000 to 2007. This suggests structural issues within the labor market and economic policies that predated the crisis.

**Conclusion:**

The analysis suggests that Europe's job market struggles stem from a combination of protective labor policies that may inhibit labor market flexibility, generous unemployment benefits that could reduce job-seeking motivation, and possibly restrictive macroeconomic policies. While some countries within Europe demonstrated that low unemployment rates were achievable, the broader European experience indicates a need for policy reassessment and possibly adopting more flexible labor market practices similar to those in the U.S. or those seen in successful European countries like the UK pre-crisis. The expectation post-crisis was a reversion to pre-crisis unemployment levels, implying that while the crisis had a significant impact, the fundamental challenges in the labor market remain rooted in structural and policy issues.",0
11,"China's ability to maintain strong economic growth during the 2008 global financial crisis can be attributed to several key factors based on the information provided in the document excerpts.

1. **Major Fiscal Expansion and Public Investment**: As highlighted in Text 2, the adverse effects of the global downturn, particularly the slowdown in Chinese exports, were largely mitigated by a significant fiscal expansion undertaken by the Chinese government. This expansion included a major increase in public investment, which sustained growth in demand and consequently, output. This proactive fiscal policy helped in cushioning the domestic economy from global shocks.

2. **Capital Accumulation and Investment Rate**: According to Text 3, one of the primary drivers of China's growth is the high accumulation of capital. The investment rate, which is the ratio of investment to GDP, has been notably high. This indicates a strong domestic capacity for investment, which has been a crucial factor in driving economic growth, especially during periods when external demand might have been weak.

3. **State Ownership and Controlled Transition**: Text 4 suggests that China's unique approach to economic reforms and transition has also played a role in its resilience. The gradual and controlled transition, starting with agriculture in the early 1980s and maintaining significant state ownership in many sectors, has provided stability and allowed the government to manage economic fluctuations more effectively. The continued control by the Communist Party is posited to have contributed positively to economic management.

4. **Questioning the Accuracy of Growth Data**: While there are concerns about the accuracy of China's economic data due to potential incentives for officials to overstate performance, as mentioned in Texts 1 and 3, economists who have examined this issue conclude that there is no obvious bias that would significantly distort the reality of high output growth in China. This suggests that the reported growth figures, while perhaps not as reliable as those from richer countries, are likely a fair representation of China's economic performance.

5. **Historical Context of Growth**: As per Text 5, China has been experiencing rapid growth for more than three decades, which indicates a strong underlying economic momentum that likely helped the country navigate the 2008 crisis more effectively than others.

In summary, China's sustained economic growth during the 2008 global financial crisis can be attributed to its significant fiscal interventions, high rates of capital accumulation, a controlled approach to economic reforms, and the robustness of its long-term growth trajectory. These factors collectively helped stabilize the economy and sustain growth during a period of global economic instability.",0
